<?xml version="1.0" encoding="UTF-8"?>
<!DOCTYPE mapper
PUBLIC "-//mybatis.org//DTD Mapper 3.0//EN"
"http://mybatis.org/dtd/mybatis-3-mapper.dtd">
<!-- com.dao.UserDao对应Dao接口 -->
<mapper namespace="com.dao.UserDao">
	<!-- 查询用户信息 -->
	<select id="selectUserByUsername"  resultType="com.po.User"
	 parameterType="com.po.User">
		select * from user where 1=1
		<if test="username!=null and username!=''">
			and username like concat('%',#{username},'%')
		</if>
	</select>	
	
	
		<insert id="addUser" parameterType="User">
		insert into user(id,name,password) values(#{id},#{name},#{password})
	</insert>
	
	<!--注意这里的参数类型是parameterType而不是parameterMap，因为返回的是单个类型  -->
	<select id="findUserByNameAndPwd"  parameterType="map"  resultType="User">
		select username,password from user  where username=#{name} and password=#{password}
	</select>


</mapper>
